delivery_date,region,route_id,deliveries,distance_km,fuel_cost,driver_cost,delivery_time_mins,redeliveries,total_cost,cost_per_km,cost_per_delivery,cost_per_driver,fuel_cost_per_delivery,per_delivery_mints,per_km_mints ,successful_deliveries 
12-04-2024,South,R04,21,207.64,1994.82,2125.5,455,7,5077.48,24.45,241.78,101.21,94.99,21.67,2.19,14
14-12-2024,East,R06,147,230.47,967.13,880.06,304,0,2245.51,9.74,15.28,5.99,6.58,2.07,1.32,147
27-09-2024,Central,R010,179,182.74,1012.5,653.37,313,3,3080.55,16.86,17.21,3.65,5.66,1.75,1.71,176
16-04-2024,East,R010,103,146.76,494.52,2451.9,202,10,3055.77,20.82,29.67,23.8,4.8,1.96,1.38,93
12-03-2024,West,R02,171,129.43,1630.66,1649.5,356,2,4461.38,34.47,26.09,9.65,9.54,2.08,2.75,169
07-07-2024,East,R03,159,111.17,1448.63,645.41,92,12,3069.33,27.61,19.3,4.06,9.11,0.58,0.83,147
21-01-2024,West,R04,197,279.56,597.39,2987.17,102,16,4207.54,15.05,21.36,15.16,3.03,0.52,0.36,181
12-04-2024,North,R02,182,250.88,348.29,644.45,404,9,1163.42,4.64,6.39,3.54,1.91,2.22,1.61,173
01-05-2024,North,R02,143,289.86,1424.9,2237.59,537,11,4640.97,16.01,32.45,15.65,9.96,3.76,1.85,132
02-08-2024,Central,R09,52,46.05,1378.12,2959.2,427,14,4977.18,108.08,95.72,56.91,26.5,8.21,9.27,38
26-11-2024,North,R05,180,221.95,691.87,1097.95,149,9,3200.59,14.42,17.78,6.1,3.84,0.83,0.67,171
28-03-2024,East,R04,198,282.12,1911.55,855.62,466,13,3625.96,12.85,18.31,4.32,9.65,2.35,1.65,185
09-04-2024,East,R010,190,62.56,471.9,803.46,494,12,2690.87,43.01,14.16,4.23,2.48,2.6,7.9,178
25-12-2024,North,R02,120,29.28,978.2,1258.19,315,4,2645.07,90.34,22.04,10.48,8.15,2.63,10.76,116
31-05-2024,Central,R04,31,224.92,1898.51,752.61,294,5,3767.14,16.75,121.52,24.28,61.24,9.48,1.31,26
10-05-2024,North,R07,86,176.6,955.51,2230.4,349,1,4150.06,23.5,48.26,25.93,11.11,4.06,1.98,85
29-05-2024,Central,R05,84,254.13,1349.35,655.73,405,16,3140.25,12.36,37.38,7.81,16.06,4.82,1.59,68
04-11-2024,Central,R05,180,50.53,915.67,1773.56,118,3,3089.77,61.15,17.17,9.85,5.09,0.66,2.34,177
14-09-2024,West,R06,187,240.63,693.59,2991.74,232,13,4716.32,19.6,25.22,16,3.71,1.24,0.96,174
09-12-2024,North,R06,93,68.47,1971.16,2534.93,363,9,5303.35,77.46,57.03,27.26,21.2,3.9,5.3,84
20-10-2024,West,R05,62,57.46,936.8,2038.05,251,2,4114.8,71.61,66.37,32.87,15.11,4.05,4.37,60
10-07-2024,Central,R08,63,57.64,1809.38,1265.63,70,2,3632.87,63.03,57.66,20.09,28.72,1.11,1.21,61
03-10-2024,East,R01,48,246.23,613.92,2059.74,97,14,4019.74,16.33,83.74,42.91,12.79,2.02,0.39,34
09-06-2024,North,R06,160,202.91,583.59,1817.6,543,5,2619.21,12.91,16.37,11.36,3.65,3.39,2.68,155
09-11-2024,South,R02,31,161.69,256.04,1565.21,156,16,3051.32,18.87,98.43,50.49,8.26,5.03,0.96,15
22-01-2024,North,R07,114,114.06,1373,826.78,284,11,3505.63,30.73,30.75,7.25,12.04,2.49,2.49,103
09-09-2024,West,R06,65,264.39,863.35,2716.51,45,19,4824.01,18.25,74.22,41.79,13.28,0.69,0.17,46
23-08-2024,West,R01,149,123.81,1755.84,1624.46,506,10,4198.12,33.91,28.18,10.9,11.78,3.4,4.09,139
10-12-2024,Central,R06,54,246.81,1051.78,986.56,91,3,2752.08,11.15,50.96,18.27,19.48,1.69,0.37,51
18-02-2024,East,R06,100,137.35,1942.75,1419.4,461,5,4856.92,35.36,48.57,14.19,19.43,4.61,3.36,95
28-02-2024,East,R02,109,119.31,533.95,1535.32,297,0,2490.11,20.87,22.85,14.09,4.9,2.72,2.49,109
18-06-2024,Central,R08,27,144.18,1763.52,2568.84,64,19,5197.99,36.05,192.52,95.14,65.32,2.37,0.44,8
06-07-2024,East,R02,112,97.4,1597.87,2334.04,523,15,4970.86,51.04,44.38,20.84,14.27,4.67,5.37,97
27-09-2024,North,R03,173,226.81,1587.66,2423.26,591,14,5092.13,22.45,29.43,14.01,9.18,3.42,2.61,159
08-07-2024,West,R09,109,155.79,1720.61,527.58,498,16,2633.82,16.91,24.16,4.84,15.79,4.57,3.2,93
23-06-2024,West,R04,181,77.34,1569.84,1540.38,354,7,4125.81,53.35,22.79,8.51,8.67,1.96,4.58,174
20-02-2024,Central,R05,134,270.88,1327.2,1703.36,333,11,4276.28,15.79,31.91,12.71,9.9,2.49,1.23,123
29-12-2024,East,R09,124,121.33,436.24,547.98,305,9,1154.25,9.51,9.31,4.42,3.52,2.46,2.51,115
24-02-2024,Central,R05,154,167.63,258.55,1149.53,230,14,2784.21,16.61,18.08,7.46,1.68,1.49,1.37,140
31-08-2024,West,R09,77,272.88,1857.53,2400.72,474,8,4399.56,16.12,57.14,31.18,24.12,6.16,1.74,69
15-11-2024,South,R04,133,191.03,1309.97,842.77,353,1,2751.1,14.4,20.68,6.34,9.85,2.65,1.85,132
10-05-2024,South,R08,94,43.9,1633.77,1838.28,64,4,3594.19,81.87,38.24,19.56,17.38,0.68,1.46,90
02-11-2024,North,R05,176,282.55,1066.74,1038,511,5,2312.74,8.19,13.14,5.9,6.06,2.9,1.81,171
14-05-2024,North,R03,139,192.04,411.15,530.3,509,6,2317.09,12.07,16.67,3.82,2.96,3.66,2.65,133
21-01-2024,Central,R010,183,107.12,425.33,1103,94,0,2125.14,19.84,11.61,6.03,2.32,0.51,0.88,183
24-11-2024,North,R010,40,50.39,1434.02,2939.68,37,6,5068.38,100.58,126.71,73.49,35.85,0.93,0.73,34
15-06-2024,South,R06,183,240.27,974.55,2503.84,330,19,3879.87,16.15,21.2,13.68,5.33,1.8,1.37,164
30-09-2024,East,R09,157,189.82,560.94,2898.94,372,11,4395.81,23.16,28,18.46,3.57,2.37,1.96,146
29-03-2024,Central,R04,120,164.7,1084.87,1719.64,460,15,3737.23,22.69,31.14,14.33,9.04,3.83,2.79,105
11-11-2024,North,R06,171,269.23,315.58,774.34,453,15,1711,6.36,10.01,4.53,1.85,2.65,1.68,156
14-01-2024,South,R010,196,238.69,1247.55,1869.9,361,10,3683.7,15.43,18.79,9.54,6.37,1.84,1.51,186
29-08-2024,West,R08,118,53.99,684.19,1635.94,467,3,3659.08,67.77,31.01,13.86,5.8,3.96,8.65,115
21-09-2024,East,R01,55,100.4,1635.61,2610.89,203,12,4883.1,48.64,88.78,47.47,29.74,3.69,2.02,43
11-12-2024,North,R06,115,82.06,758.65,745.21,588,6,2294.76,27.96,19.95,6.48,6.6,5.11,7.17,109
22-02-2024,West,R08,171,225.74,1019.4,1720.6,556,3,3236.63,14.34,18.93,10.06,5.96,3.25,2.46,168
05-12-2024,South,R010,170,19.72,220.92,875.12,55,14,2297.52,116.51,13.51,5.15,1.3,0.32,2.79,156
01-04-2024,East,R06,56,175.27,330.4,1311.69,435,18,2298.52,13.11,41.05,23.42,5.9,7.77,2.48,38
20-09-2024,Central,R07,31,231.11,906.49,2343.39,261,8,4068.94,17.61,131.26,75.59,29.24,8.42,1.13,23
04-02-2024,East,R010,132,264.26,1063.89,1690.05,562,10,3208.64,12.14,24.31,12.8,8.06,4.26,2.13,122
24-07-2024,North,R07,32,109.2,1280.04,1439.72,579,7,4202.48,38.48,131.33,44.99,40,18.09,5.3,25
21-03-2024,North,R09,42,248.16,724.99,1486.19,534,0,2719.27,10.96,64.74,35.39,17.26,12.71,2.15,42
19-02-2024,West,R01,118,42.08,1450.97,1648.62,208,7,4278.63,101.68,36.26,13.97,12.3,1.76,4.94,111
25-12-2024,Central,R01,124,255.47,1748.22,2462.54,161,12,4909.25,19.22,39.59,19.86,14.1,1.3,0.63,112
02-01-2024,North,R03,49,46.97,1603.73,2730.21,484,3,4722.64,100.55,96.38,55.72,32.73,9.88,10.3,46
23-02-2024,Central,R05,36,125.21,271.31,2888.34,377,7,4379.26,34.98,121.65,80.23,7.54,10.47,3.01,29
15-04-2024,West,R02,132,241.22,1064.91,2467.26,569,2,4099.22,16.99,31.05,18.69,8.07,4.31,2.36,130
16-09-2024,East,R010,81,53.48,388.87,1288.52,435,8,2988.66,55.88,36.9,15.91,4.8,5.37,8.13,73
05-11-2024,West,R010,103,76.48,635.68,2220.34,105,1,4237.38,55.41,41.14,21.56,6.17,1.02,1.37,102
09-07-2024,South,R05,131,219.45,1975.99,1594.01,521,1,4873.75,22.21,37.2,12.17,15.08,3.98,2.37,130
05-08-2024,South,R09,105,218.81,456.49,1136.68,223,12,1742.18,7.96,16.59,10.83,4.35,2.12,1.02,93
13-02-2024,East,R09,160,195.93,1098,2602.18,191,14,4902.5,25.02,30.64,16.26,6.86,1.19,0.97,146
10-06-2024,North,R02,38,211.25,1312.68,596.07,376,11,2584.63,12.23,68.02,15.69,34.54,9.89,1.78,27
20-07-2024,South,R02,196,167.39,1464.44,2754.4,390,3,5542.05,33.11,28.28,14.05,7.47,1.99,2.33,193
26-09-2024,West,R02,119,83.02,1207.37,1653.69,116,7,3854.2,46.42,32.39,13.9,10.15,0.97,1.4,112
16-12-2024,West,R04,159,110.25,217.59,2093,291,8,3577.69,32.45,22.5,13.16,1.37,1.83,2.64,151
30-10-2024,North,R05,166,62.66,787.63,2148.38,243,4,3735.21,59.61,22.5,12.94,4.74,1.46,3.88,162
27-09-2024,Central,R01,95,273.45,1131.88,2737.79,291,19,4718.71,17.26,49.67,28.82,11.91,3.06,1.06,76
02-08-2024,West,R05,28,179.18,358.16,2091.67,312,17,2751.97,15.36,98.28,74.7,12.79,11.14,1.74,11
08-09-2024,Central,R04,47,126.25,831.13,2034.83,496,10,4063.54,32.19,86.46,43.29,17.68,10.55,3.93,37
08-07-2024,Central,R06,147,143.98,259.77,666.63,409,14,1613.55,11.21,10.98,4.53,1.77,2.78,2.84,133
22-10-2024,North,R03,71,284.71,341.44,1796.02,391,8,2937.57,10.32,41.37,25.3,4.81,5.51,1.37,63
31-07-2024,Central,R08,102,54.47,914.46,875.42,478,16,2989.02,54.87,29.3,8.58,8.97,4.69,8.78,86
26-07-2024,West,R08,130,180.01,438.89,2343.58,470,11,3720.85,20.67,28.62,18.03,3.38,3.62,2.61,119
24-08-2024,West,R05,163,156.71,1221.57,1780.55,122,6,3383.66,21.59,20.76,10.92,7.49,0.75,0.78,157
03-12-2024,West,R02,136,187.32,1441.04,2200.57,453,9,4567.94,24.39,33.59,16.18,10.6,3.33,2.42,127
22-02-2024,West,R07,88,15.25,1641.06,604.18,171,9,2915.93,191.21,33.14,6.87,18.65,1.94,11.21,79
06-10-2024,North,R05,118,262.92,560.27,711.98,320,12,2029.59,7.72,17.2,6.03,4.75,2.71,1.22,106
04-08-2024,South,R010,159,280.31,501.47,2290.81,461,18,2931.92,10.46,18.44,14.41,3.15,2.9,1.64,141
08-09-2024,Central,R010,44,173.89,388.22,680.21,78,10,1462.47,8.41,33.24,15.46,8.82,1.77,0.45,34
06-07-2024,East,R07,199,212.03,1345.57,678.14,331,12,2517.16,11.87,12.65,3.41,6.76,1.66,1.56,187
10-02-2024,Central,R09,142,277.52,1471.66,530.27,219,7,3100.07,11.17,21.83,3.73,10.36,1.54,0.79,135
05-06-2024,North,R05,72,215.1,256.86,2891.25,165,7,3264.2,15.18,45.34,40.16,3.57,2.29,0.77,65
15-01-2024,South,R08,170,54.24,1885.18,2343.77,584,3,4901.24,90.36,28.83,13.79,11.09,3.44,10.77,167
27-10-2024,East,R02,163,177.12,293.55,1383.13,433,14,3070.32,17.33,18.84,8.49,1.8,2.66,2.44,149
05-03-2024,South,R02,76,185.95,1174.33,1241.34,370,10,2672.3,14.37,35.16,16.33,15.45,4.87,1.99,66
10-12-2024,South,R05,58,133,1476.31,1374.26,347,10,3673.56,27.62,63.34,23.69,25.45,5.98,2.61,48
22-11-2024,North,R03,128,223.57,1767.74,2436.63,392,0,5405.5,24.18,42.23,19.04,13.81,3.06,1.75,128
09-01-2024,West,R03,61,280.97,1485.36,2153.43,411,16,5058.33,18,82.92,35.3,24.35,6.74,1.46,45
09-12-2024,West,R02,186,278.41,1643.11,962.99,262,14,3751.59,13.48,20.17,5.18,8.83,1.41,0.94,172
08-05-2024,East,R09,161,140.74,811.01,935.27,373,19,2855.07,20.29,17.73,5.81,5.04,2.32,2.65,142
15-05-2024,East,R06,141,42.84,1666.69,745.99,578,5,3669.76,85.66,26.03,5.29,11.82,4.1,13.49,136
03-03-2024,East,R09,152,295.6,344.21,2150.76,582,14,3219.65,10.89,21.18,14.15,2.26,3.83,1.97,138
18-05-2024,North,R07,182,253.28,1810.67,2410.93,558,8,5449.78,21.52,29.94,13.25,9.95,3.07,2.2,174
21-03-2024,West,R01,94,46.15,1185.67,1162.62,212,13,2459.44,53.29,26.16,12.37,12.61,2.26,4.59,81
11-06-2024,East,R02,165,277.04,1671.14,552.36,70,17,3617.89,13.06,21.93,3.35,10.13,0.42,0.25,148
15-10-2024,West,R010,95,262.27,1014.17,705.43,580,16,2440.23,9.3,25.69,7.43,10.68,6.11,2.21,79
17-09-2024,East,R09,28,160.46,1358.44,2919.65,426,17,5152.82,32.11,184.03,104.27,48.52,15.21,2.65,11
18-08-2024,Central,R08,93,181.47,1147.52,1238.61,523,4,2842.97,15.67,30.57,13.32,12.34,5.62,2.88,89
10-02-2024,South,R03,164,125.71,1516.86,2423.06,362,19,5079.46,40.41,30.97,14.77,9.25,2.21,2.88,145
28-01-2024,East,R04,26,25.88,346.93,2061.66,156,19,2615.88,101.08,100.61,79.29,13.34,6,6.03,7
14-05-2024,East,R06,193,107.21,308.63,1454.85,587,8,3085.17,28.78,15.99,7.54,1.6,3.04,5.48,185
19-07-2024,South,R08,160,242.83,644.79,1014.22,586,10,2918.37,12.02,18.24,6.34,4.03,3.66,2.41,150
23-11-2024,South,R01,187,11.34,487.18,803.47,30,0,1693.13,149.31,9.05,4.3,2.61,0.16,2.65,187
24-09-2024,South,R04,189,106.71,1769.21,2037.53,197,17,5039.79,47.23,26.67,10.78,9.36,1.04,1.85,172
02-02-2024,West,R04,156,125.47,594.59,2436.58,48,5,4232.07,33.73,27.13,15.62,3.81,0.31,0.38,151
17-02-2024,South,R03,197,165.84,1956.56,2109.76,361,1,5051.42,30.46,25.64,10.71,9.93,1.83,2.18,196
02-03-2024,North,R01,46,276.76,806.41,1825.76,485,14,3255.1,11.76,70.76,39.69,17.53,10.54,1.75,32
03-08-2024,Central,R06,141,110.44,527.81,604.88,138,13,1612.79,14.6,11.44,4.29,3.74,0.98,1.25,128
19-10-2024,Central,R09,24,110.62,1621.46,2921.22,297,4,4967.18,44.9,206.97,121.72,67.56,12.38,2.68,20
08-04-2024,West,R06,48,223.88,1385.67,2496.79,474,5,4428.51,19.78,92.26,52.02,28.87,9.88,2.12,43
20-06-2024,East,R08,184,141.14,1096.75,1232.06,269,5,3693.79,26.17,20.07,6.7,5.96,1.46,1.91,179
25-12-2024,East,R08,185,75.14,1199.65,2949.93,330,17,4358.28,58,23.56,15.95,6.48,1.78,4.39,168
01-08-2024,West,R09,102,141.21,1494.56,2004.7,132,13,4759.68,33.71,46.66,19.65,14.65,1.29,0.93,89
04-02-2024,East,R08,155,50.85,611.22,1956.06,279,9,3155.73,62.06,20.36,12.62,3.94,1.8,5.49,146
14-08-2024,South,R03,128,61.15,1993.4,2370.18,482,13,5193.82,84.94,40.58,18.52,15.57,3.77,7.88,115
10-04-2024,East,R04,84,154.53,1954.63,2529.42,549,12,5696.33,36.86,67.81,30.11,23.27,6.54,3.55,72
10-05-2024,South,R08,105,131.49,1370.59,2141.2,182,2,4849.92,36.88,46.19,20.39,13.05,1.73,1.38,103
13-09-2024,West,R09,164,275.31,559.18,820.24,203,5,1962.11,7.13,11.96,5,3.41,1.24,0.74,159
05-01-2024,North,R05,90,115.09,1424.41,1345.67,372,7,3516.66,30.56,39.07,14.95,15.83,4.13,3.23,83
05-08-2024,South,R03,64,178.37,329.96,2820.21,460,11,3830.49,21.47,59.85,44.07,5.16,7.19,2.58,53
11-09-2024,North,R05,151,193.36,255.17,1061.54,353,12,1435.26,7.42,9.51,7.03,1.69,2.34,1.83,139
24-12-2024,Central,R05,55,13.8,663.83,1430.42,449,10,2608.57,189.03,47.43,26.01,12.07,8.16,32.54,45
09-10-2024,East,R010,89,202.43,1032.72,1580.19,514,11,3355.77,16.58,37.71,17.75,11.6,5.78,2.54,78
25-07-2024,Central,R07,178,61.63,1762.89,1598.51,441,0,4036.93,65.5,22.68,8.98,9.9,2.48,7.16,178
15-01-2024,South,R04,38,288.71,1508.9,2032.35,113,16,4651.95,16.11,122.42,53.48,39.71,2.97,0.39,22
11-12-2024,Central,R05,127,53.11,1536.87,2857.69,142,15,5033.29,94.77,39.63,22.5,12.1,1.12,2.67,112
11-02-2024,North,R04,186,130.24,965.89,1101.73,361,10,2852.75,21.9,15.34,5.92,5.19,1.94,2.77,176
27-06-2024,West,R08,110,34.75,822.68,803.75,407,12,2327.88,66.99,21.16,7.31,7.48,3.7,11.71,98
03-03-2024,East,R07,109,299.09,867.87,993.68,70,17,2998.43,10.03,27.51,9.12,7.96,0.64,0.23,92
17-12-2024,South,R02,38,155.64,1977.77,2717.31,134,10,6003.24,38.57,157.98,71.51,52.05,3.53,0.86,28
18-08-2024,South,R09,58,182.66,272.2,2114.53,231,11,3231.37,17.69,55.71,36.46,4.69,3.98,1.26,47
28-08-2024,West,R09,145,29.45,1760.66,1214.77,479,5,4180.64,141.96,28.83,8.38,12.14,3.3,16.26,140
21-02-2024,West,R01,192,227.49,1241.62,2539.87,295,8,4296.99,18.89,22.38,13.23,6.47,1.54,1.3,184
05-04-2024,North,R04,160,70.87,989.51,2653.42,239,15,4500.85,63.51,28.13,16.58,6.18,1.49,3.37,145
09-08-2024,Central,R08,145,270.44,1505.46,2616.29,592,3,4705.07,17.4,32.45,18.04,10.38,4.08,2.19,142
18-08-2024,North,R04,77,69.49,1076,2797.32,147,2,4553.2,65.52,59.13,36.33,13.97,1.91,2.12,75
24-08-2024,South,R07,167,65.3,1772.16,1130.6,406,15,4028.14,61.69,24.12,6.77,10.61,2.43,6.22,152
22-05-2024,Central,R04,80,20.6,1821.26,2387.6,580,11,5543.19,269.09,69.29,29.85,22.77,7.25,28.16,69
19-06-2024,North,R01,146,146.9,959.1,1651.35,569,10,2880.54,19.61,19.73,11.31,6.57,3.9,3.87,136
29-01-2024,East,R09,124,173.8,698.29,2605,113,4,4291.78,24.69,34.61,21.01,5.63,0.91,0.65,120
05-02-2024,Central,R02,186,29.06,1266.23,2321.23,483,17,4502.46,154.94,24.21,12.48,6.81,2.6,16.62,169
13-01-2024,North,R010,20,234.9,1842.25,2441.12,543,18,4549.15,19.37,227.46,122.06,92.11,27.15,2.31,2
08-06-2024,Central,R07,150,141.45,579.19,2140.4,416,5,3116.24,22.03,20.77,14.27,3.86,2.77,2.94,145
22-11-2024,East,R03,111,162.07,1321.34,943.57,379,17,2800.31,17.28,25.23,8.5,11.9,3.41,2.34,94
05-07-2024,East,R04,132,137.82,1336.81,1862.57,325,5,3533.08,25.64,26.77,14.11,10.13,2.46,2.36,127
30-08-2024,East,R05,172,126.22,1519.6,2961.67,287,3,4922.49,39,28.62,17.22,8.83,1.67,2.27,169
26-03-2024,Central,R04,75,172.3,436.82,2843.47,110,11,3754.93,21.79,50.07,37.91,5.82,1.47,0.64,64
10-10-2024,Central,R01,180,55.02,1488.48,607.93,297,18,2666.35,48.46,14.81,3.38,8.27,1.65,5.4,162
06-03-2024,East,R04,185,62.76,1836.26,912.04,448,1,3897.45,62.1,21.07,4.93,9.93,2.42,7.14,184
18-06-2024,East,R08,136,259.92,523.43,829.32,264,16,2253.43,8.67,16.57,6.1,3.85,1.94,1.02,120
14-02-2024,North,R01,153,284.37,627.58,2314.95,340,10,4423.28,15.55,28.91,15.13,4.1,2.22,1.2,143
02-03-2024,East,R010,77,118.26,1948.51,2544.46,386,10,5173.6,43.75,67.19,33.04,25.31,5.01,3.26,67
13-05-2024,Central,R03,63,88.52,525.76,1033.78,242,15,2714.95,30.67,43.09,16.41,8.35,3.84,2.73,48
10-10-2024,North,R02,192,196.76,1737.89,1764.63,78,1,4822.58,24.51,25.12,9.19,9.05,0.41,0.4,191
28-01-2024,South,R09,179,128.53,1086.1,2601.76,156,1,4738.43,36.87,26.47,14.53,6.07,0.87,1.21,178
17-04-2024,West,R03,192,17.36,645.02,2332,252,7,3653.63,210.46,19.03,12.15,3.36,1.31,14.52,185
13-02-2024,North,R03,80,55.28,1767.35,1855.59,308,12,4777.97,86.43,59.72,23.19,22.09,3.85,5.57,68
05-12-2024,Central,R09,66,217.63,1001.55,1975.87,437,9,3362.55,15.45,50.95,29.94,15.18,6.62,2.01,57
12-10-2024,South,R06,168,201.09,1126.67,1770.9,534,7,3456.14,17.19,20.57,10.54,6.71,3.18,2.66,161
26-11-2024,West,R06,99,17.86,846.62,1243.87,323,3,2955.85,165.5,29.86,12.56,8.55,3.26,18.09,96
07-05-2024,South,R05,137,74.37,1267.31,1912.55,306,14,4085.43,54.93,29.82,13.96,9.25,2.23,4.11,123
13-12-2024,East,R05,183,77.01,494.34,2222.21,467,0,2847.55,36.98,15.56,12.14,2.7,2.55,6.06,183
18-08-2024,East,R07,166,204.85,903.95,2683.31,136,10,5010.42,24.46,30.18,16.16,5.45,0.82,0.66,156
08-07-2024,Central,R06,39,15.72,1944.94,2090.73,449,6,5110.95,325.12,131.05,53.61,49.87,11.51,28.56,33
12-08-2024,North,R04,165,40.19,664.64,2402.8,458,16,3861.43,96.08,23.4,14.56,4.03,2.78,11.4,149
09-10-2024,East,R07,66,241.98,1382.13,900.18,404,19,3688.69,15.24,55.89,13.64,20.94,6.12,1.67,47
30-04-2024,West,R04,68,61.78,785.34,1653.89,102,17,3153.96,51.05,46.38,24.32,11.55,1.5,1.65,51
25-04-2024,East,R05,33,199.3,1592.25,523.33,59,11,3588.19,18,108.73,15.86,48.25,1.79,0.3,22
20-08-2024,West,R05,162,79.07,435.57,1116.7,217,8,2369.47,29.97,14.63,6.89,2.69,1.34,2.74,154
15-09-2024,North,R07,178,38.84,1945.68,2316.15,393,4,4521.83,116.42,25.4,13.01,10.93,2.21,10.12,174
24-12-2024,South,R05,20,80.52,1016.82,2979.52,480,9,5167.06,64.17,258.35,148.98,50.84,24,5.96,11
16-07-2024,East,R09,136,219.46,624.89,747.95,224,3,2423.3,11.04,17.82,5.5,4.59,1.65,1.02,133
16-05-2024,East,R09,73,258.15,332.29,1503.74,185,4,3018.21,11.69,41.35,20.6,4.55,2.53,0.72,69
13-11-2024,North,R06,137,250.76,505.56,2500.18,201,9,4437.76,17.7,32.39,18.25,3.69,1.47,0.8,128
13-06-2024,Central,R09,22,125.18,1135.59,1010.09,70,10,3332.77,26.62,151.49,45.91,51.62,3.18,0.56,12
12-08-2024,South,R01,163,203.74,806.61,1887.71,92,9,3650.19,17.92,22.39,11.58,4.95,0.56,0.45,154
02-11-2024,West,R04,31,69.45,1691.99,2332.68,52,7,5324.9,76.67,171.77,75.25,54.58,1.68,0.75,24
21-08-2024,West,R05,93,95.01,975.6,2039.96,389,1,4058.11,42.71,43.64,21.94,10.49,4.18,4.09,92
20-06-2024,West,R010,35,269.94,647.69,970.06,104,7,2289.12,8.48,65.4,27.72,18.51,2.97,0.39,28
31-05-2024,Central,R010,121,13.77,1310.86,1388.46,589,15,4039.19,293.33,33.38,11.47,10.83,4.87,42.77,106
10-11-2024,Central,R03,171,34.8,1472.2,2459.48,147,4,4342.34,124.78,25.39,14.38,8.61,0.86,4.22,167
08-06-2024,South,R04,175,70.29,500.68,1885.57,409,2,3486.75,49.61,19.92,10.77,2.86,2.34,5.82,173
05-04-2024,Central,R06,136,17.69,501.71,513.07,319,11,2348.97,132.79,17.27,3.77,3.69,2.35,18.03,125
20-08-2024,West,R01,27,62.62,266.01,2402.48,469,12,3792.33,60.56,140.46,88.98,9.85,17.37,7.49,15
28-06-2024,East,R02,141,179.08,1525.52,588.28,36,12,3189.99,17.81,22.62,4.17,10.82,0.26,0.2,129
22-04-2024,West,R03,111,132.21,1394.85,2364.33,225,9,4912.87,37.16,44.26,21.3,12.57,2.03,1.7,102
13-11-2024,North,R04,183,268.87,1054.34,1006.2,450,3,2811.62,10.46,15.36,5.5,5.76,2.46,1.67,180
21-02-2024,South,R03,109,247.06,1719.51,2895.18,597,8,5938.53,24.04,54.48,26.56,15.78,5.48,2.42,101
24-09-2024,West,R09,155,109.13,1650.21,1419.85,222,1,3454.87,31.66,22.29,9.16,10.65,1.43,2.03,154
21-10-2024,Central,R04,79,85.23,1253.64,1317.33,588,18,2849.31,33.43,36.07,16.68,15.87,7.44,6.9,61
22-04-2024,North,R06,197,120.11,1762.89,872.22,177,0,3134.82,26.1,15.91,4.43,8.95,0.9,1.47,197
10-04-2024,North,R03,47,181.19,570.51,1264.01,231,6,2678.73,14.78,56.99,26.89,12.14,4.91,1.27,41
22-04-2024,Central,R06,120,87.74,401.46,2691.63,473,16,3907.88,44.54,32.57,22.43,3.35,3.94,5.39,104
21-03-2024,South,R05,60,191,685.55,2990.84,448,2,4925.23,25.79,82.09,49.85,11.43,7.47,2.35,58
05-07-2024,North,R07,174,128.73,302.76,1420.77,456,19,2389.93,18.57,13.74,8.17,1.74,2.62,3.54,155
22-04-2024,South,R07,164,170.09,1156.11,1621.53,508,19,3555.72,20.9,21.68,9.89,7.05,3.1,2.99,145
02-01-2024,Central,R02,180,136.48,1885.89,2305.18,504,2,4309.78,31.58,23.94,12.81,10.48,2.8,3.69,178
09-05-2024,North,R04,176,95.4,270.82,2715.49,155,2,3659.94,38.36,20.8,15.43,1.54,0.88,1.62,174
07-08-2024,East,R08,160,285.05,419.8,1982.61,424,16,3409.29,11.96,21.31,12.39,2.62,2.65,1.49,144
23-02-2024,Central,R09,65,231.45,1013.96,1478.81,354,6,2614.48,11.3,40.22,22.75,15.6,5.45,1.53,59
08-12-2024,North,R06,54,50.63,1880.98,1531.55,421,13,3905.76,77.14,72.33,28.36,34.83,7.8,8.32,41
11-08-2024,North,R05,153,261.86,769.08,2239.05,469,16,3399.27,12.98,22.22,14.63,5.03,3.07,1.79,137
12-08-2024,North,R04,101,151.36,1113.02,508.05,233,17,1779.85,11.76,17.62,5.03,11.02,2.31,1.54,84
05-05-2024,South,R06,134,269.42,274.83,2048.97,515,12,3094.76,11.49,23.1,15.29,2.05,3.84,1.91,122
09-05-2024,North,R09,66,241.96,467.02,1388.73,60,19,2210.16,9.13,33.49,21.04,7.08,0.91,0.25,47
22-02-2024,West,R02,172,133.31,1975.93,2485.49,417,19,5601.73,42.02,32.57,14.45,11.49,2.42,3.13,153
20-06-2024,South,R01,29,16.52,1937.21,732.48,463,17,3956.79,239.52,136.44,25.26,66.8,15.97,28.03,12
05-08-2024,East,R03,75,87.92,208.89,1970.51,405,3,3043.22,34.61,40.58,26.27,2.79,5.4,4.61,72
08-06-2024,Central,R07,49,167.07,1913.26,1702.43,373,0,5090.08,30.47,103.88,34.74,39.05,7.61,2.23,49
16-07-2024,Central,R09,128,193.71,1350.42,2105.81,472,17,4186.9,21.61,32.71,16.45,10.55,3.69,2.44,111
03-09-2024,South,R04,24,84.79,1762.25,662.13,104,0,3243.1,38.25,135.13,27.59,73.43,4.33,1.23,24
19-11-2024,East,R06,138,50.41,1018.53,1949.96,586,12,4453.39,88.34,32.27,14.13,7.38,4.25,11.62,126
21-07-2024,Central,R03,52,252.13,1128.07,1903.71,184,19,3455.95,13.71,66.46,36.61,21.69,3.54,0.73,33
02-07-2024,Central,R01,137,295.48,1079.92,1901.65,459,19,4401.13,14.89,32.13,13.88,7.88,3.35,1.55,118
02-05-2024,South,R01,84,162.45,1400.36,2008.72,392,9,3569.05,21.97,42.49,23.91,16.67,4.67,2.41,75
11-09-2024,West,R08,165,59.79,451.37,2191.17,477,10,3367.48,56.32,20.41,13.28,2.74,2.89,7.98,155
20-10-2024,South,R02,196,88.97,253.95,2512.47,263,8,2964.42,33.32,15.12,12.82,1.3,1.34,2.96,188
06-10-2024,West,R07,30,15.33,754.27,1174.55,592,8,3049.75,198.94,101.66,39.15,25.14,19.73,38.62,22
20-11-2024,North,R010,104,275.15,1468.43,2562.62,291,4,4982.82,18.11,47.91,24.64,14.12,2.8,1.06,100
07-04-2024,North,R010,45,44.15,563.34,1745.64,154,0,3398.27,76.97,75.52,38.79,12.52,3.42,3.49,45
16-07-2024,South,R03,82,177.19,1412.18,692.65,274,16,2729.1,15.4,33.28,8.45,17.22,3.34,1.55,66
27-08-2024,Central,R02,105,89.48,1945.84,646.38,571,1,3209.49,35.87,30.57,6.16,18.53,5.44,6.38,104
23-05-2024,North,R02,78,170.71,369.02,1335.6,514,12,1868.07,10.94,23.95,17.12,4.73,6.59,3.01,66
06-04-2024,North,R03,46,198.91,1410.68,2462.24,151,8,4462.84,22.44,97.02,53.53,30.67,3.28,0.76,38
19-07-2024,West,R04,196,250.63,998.75,2269.2,154,3,4668.95,18.63,23.82,11.58,5.1,0.79,0.61,193
03-05-2024,West,R05,180,69.86,1762.66,2471.54,578,4,4865.12,69.64,27.03,13.73,9.79,3.21,8.27,176
05-07-2024,Central,R07,117,13.19,518.87,1793.17,199,10,3575.95,271.11,30.56,15.33,4.43,1.7,15.09,107
21-11-2024,Central,R010,124,49.7,1446.73,1600.5,153,18,4326.49,87.05,34.89,12.91,11.67,1.23,3.08,106
14-12-2024,Central,R010,118,271.01,1708.61,868.63,64,2,3199.78,11.81,27.12,7.36,14.48,0.54,0.24,116
15-09-2024,West,R03,148,263.43,1900.31,1320.48,116,11,4205.57,15.96,28.42,8.92,12.84,0.78,0.44,137
27-05-2024,North,R010,168,183.25,1429.85,1585.05,230,18,3248.42,17.73,19.34,9.43,8.51,1.37,1.26,150
08-09-2024,East,R09,74,184.15,1094.91,721.5,398,18,2061.56,11.2,27.86,9.75,14.8,5.38,2.16,56
11-12-2024,East,R01,25,202.86,1312.13,1051.53,106,12,2531.78,12.48,101.27,42.06,52.49,4.24,0.52,13
26-05-2024,North,R07,114,60.86,1764.03,1995.56,88,6,4673.01,76.78,40.99,17.5,15.47,0.77,1.45,108
27-05-2024,North,R07,152,275.18,1227.1,2339.16,460,14,4262.76,15.49,28.04,15.39,8.07,3.03,1.67,138
17-12-2024,East,R01,121,131.44,254.7,2995.87,529,6,4117.82,31.33,34.03,24.76,2.1,4.37,4.02,115
17-07-2024,East,R08,22,121.11,1875.71,2832.78,138,7,5537.99,45.73,251.73,128.76,85.26,6.27,1.14,15
03-11-2024,South,R02,42,160.49,1441.15,2106.41,307,4,4137.84,25.78,98.52,50.15,34.31,7.31,1.91,38
07-05-2024,West,R04,72,23.62,1417.72,1553.12,97,13,4019.3,170.17,55.82,21.57,19.69,1.35,4.11,59
08-02-2024,Central,R06,184,58.22,588.22,2090.44,98,3,3840.56,65.97,20.87,11.36,3.2,0.53,1.68,181
03-12-2024,South,R07,102,224.03,1385.99,2464.13,194,9,3970.6,17.72,38.93,24.16,13.59,1.9,0.87,93
25-12-2024,West,R07,164,34.01,908.96,795.84,518,19,2094.94,61.6,12.77,4.85,5.54,3.16,15.23,145
08-05-2024,East,R02,104,184.91,1372.22,1524.76,334,14,3995.51,21.61,38.42,14.66,13.19,3.21,1.81,90
23-09-2024,South,R010,97,81.15,391.87,2599.51,394,17,3632.65,44.76,37.45,26.8,4.04,4.06,4.86,80
30-05-2024,South,R09,129,122.9,1384.12,1459.58,408,19,3871.18,31.5,30.01,11.31,10.73,3.16,3.32,110
24-10-2024,West,R07,20,93.72,1998.94,1929.68,372,12,4514.37,48.17,225.72,96.48,99.95,18.6,3.97,8
08-04-2024,East,R010,70,113.15,286.78,1969.42,583,7,2903.26,25.66,41.48,28.13,4.1,8.33,5.15,63
19-09-2024,North,R06,192,218.52,1958.91,961.19,383,8,3242.25,14.84,16.89,5.01,10.2,1.99,1.75,184
08-09-2024,East,R04,23,96.17,932.43,1405.59,445,15,2799.54,29.11,121.72,61.11,40.54,19.35,4.63,8
23-05-2024,South,R05,132,174.26,1767.36,1336.28,138,18,4051.22,23.25,30.69,10.12,13.39,1.05,0.79,114
11-12-2024,West,R02,51,148.05,1608.29,565.49,592,15,2880.21,19.45,56.47,11.09,31.54,11.61,4,36
21-04-2024,North,R08,53,202.46,1220.63,560.48,526,6,2965.13,14.65,55.95,10.58,23.03,9.92,2.6,47
29-02-2024,North,R05,111,281.68,1529.21,2579.24,370,13,5402.07,19.18,48.67,23.24,13.78,3.33,1.31,98
02-01-2024,East,R05,114,222.45,1781.33,1182.68,412,13,3822.31,17.18,33.53,10.37,15.63,3.61,1.85,101
30-10-2024,East,R09,91,72.33,927.45,1795.2,562,3,3884.22,53.7,42.68,19.73,10.19,6.18,7.77,88
10-09-2024,Central,R09,58,19.04,788.66,1246.81,329,14,2565.14,134.72,44.23,21.5,13.6,5.67,17.28,44
19-05-2024,South,R03,173,86.06,1401.67,2851.7,168,2,4934.33,57.34,28.52,16.48,8.1,0.97,1.95,171
06-02-2024,North,R06,181,182.57,1654.12,1148.24,388,4,3900.25,21.36,21.55,6.34,9.14,2.14,2.13,177
08-06-2024,South,R010,137,24.91,1572.11,1574.14,528,0,3786.95,152.03,27.64,11.49,11.48,3.85,21.2,137
09-01-2024,West,R02,22,153.95,1636.06,2681.83,414,2,5241.8,34.05,238.26,121.9,74.37,18.82,2.69,20
20-08-2024,North,R01,142,183.08,984.05,2604.83,309,14,3948.4,21.57,27.81,18.34,6.93,2.18,1.69,128
08-04-2024,North,R07,69,106.93,1672.1,965.25,512,7,3577.03,33.45,51.84,13.99,24.23,7.42,4.79,62
26-05-2024,Central,R01,31,233.56,416.38,2506.61,140,3,4229.11,18.11,136.42,80.86,13.43,4.52,0.6,28
30-10-2024,North,R010,73,40.91,1180.08,1645.47,168,1,4141.65,101.24,56.73,22.54,16.17,2.3,4.11,72
26-07-2024,West,R07,152,31.79,210.37,1707.42,464,9,3031.87,95.37,19.95,11.23,1.38,3.05,14.6,143
10-05-2024,West,R02,76,221.17,784.25,833.7,538,3,2762,12.49,36.34,10.97,10.32,7.08,2.43,73
31-05-2024,West,R05,164,153.69,859.63,701.5,302,2,2442.23,15.89,14.89,4.28,5.24,1.84,1.96,162
23-02-2024,South,R01,131,209.64,913.11,2319.85,128,1,4151.5,19.8,31.69,17.71,6.97,0.98,0.61,130
29-04-2024,South,R03,66,136.1,1451.84,1741.15,133,16,3480.1,25.57,52.73,26.38,22,2.02,0.98,50
09-06-2024,East,R07,170,81.46,899.4,1592.13,243,19,3212.93,39.44,18.9,9.37,5.29,1.43,2.98,151
25-04-2024,Central,R08,104,247.54,1007.65,2323.77,194,12,4062.51,16.41,39.06,22.34,9.69,1.87,0.78,92
15-03-2024,South,R02,161,241.83,627.58,2413.78,549,4,4483.26,18.54,27.85,14.99,3.9,3.41,2.27,157
22-04-2024,West,R04,85,211.46,871.85,897.27,313,8,2472.64,11.69,29.09,10.56,10.26,3.68,1.48,77
13-04-2024,West,R02,94,88.92,609.09,2025.56,546,5,3503.73,39.4,37.27,21.55,6.48,5.81,6.14,89
05-12-2024,North,R06,198,181.17,331.75,838.39,193,4,2016.69,11.13,10.19,4.23,1.68,0.97,1.07,194
10-09-2024,West,R09,122,114.68,1286.21,2378.44,93,9,4656.12,40.6,38.16,19.5,10.54,0.76,0.81,113
14-08-2024,North,R09,185,36.56,1402.78,2142.39,120,7,4692.7,128.36,25.37,11.58,7.58,0.65,3.28,178
21-04-2024,South,R05,57,276.02,1315.08,2891.54,146,6,4621.68,16.74,81.08,50.73,23.07,2.56,0.53,51
08-04-2024,North,R01,69,49.68,1034.29,672.4,296,6,2546.9,51.27,36.91,9.74,14.99,4.29,5.96,63
01-06-2024,East,R04,117,285.57,883.61,642.64,588,5,2782.53,9.74,23.78,5.49,7.55,5.03,2.06,112
14-12-2024,West,R03,101,139.34,1754,1205.47,169,19,3707.83,26.61,36.71,11.94,17.37,1.67,1.21,82
03-12-2024,Central,R02,49,63.69,1134.35,1154.26,275,2,2778.45,43.62,56.7,23.56,23.15,5.61,4.32,47
12-07-2024,South,R05,98,167.15,1062.53,1117.45,424,18,3196.57,19.12,32.62,11.4,10.84,4.33,2.54,80
05-11-2024,West,R02,110,263.15,246.16,2765.64,516,14,4265.07,16.21,38.77,25.14,2.24,4.69,1.96,96
11-06-2024,North,R01,198,222.35,814.25,1123.87,505,3,2126.52,9.56,10.74,5.68,4.11,2.55,2.27,195
26-07-2024,Central,R09,71,243.9,884.35,1179.87,546,11,3251.73,13.33,45.8,16.62,12.46,7.69,2.24,60
17-06-2024,West,R09,185,201.05,917.88,2398.5,213,5,4566.69,22.71,24.68,12.96,4.96,1.15,1.06,180
09-06-2024,East,R08,98,210.76,1244.31,1624.35,49,18,3614.79,17.15,36.89,16.58,12.7,0.5,0.23,80
08-03-2024,Central,R09,49,256.27,1160.48,2441.78,587,3,5078.89,19.82,103.65,49.83,23.68,11.98,2.29,46
15-10-2024,Central,R08,125,82.4,1294.23,663.42,553,14,3159.04,38.34,25.27,5.31,10.35,4.42,6.71,111
03-10-2024,East,R02,70,151.93,1576.79,1718.93,558,8,4478.85,29.48,63.98,24.56,22.53,7.97,3.67,62
30-10-2024,North,R07,100,74.15,1663.37,584.03,176,4,3394.37,45.78,33.94,5.84,16.63,1.76,2.37,96
14-05-2024,West,R06,152,296.42,1492.62,656.63,333,12,2460.1,8.3,16.18,4.32,9.82,2.19,1.12,140
13-07-2024,North,R010,48,283.78,1919.94,2766.09,257,17,5090.15,17.94,106.04,57.63,40,5.35,0.91,31
07-05-2024,North,R01,151,21.43,232.82,848.11,131,4,1830.52,85.42,12.12,5.62,1.54,0.87,6.11,147
02-02-2024,South,R06,157,214.62,552.4,1831.05,446,15,2853.06,13.29,18.17,11.66,3.52,2.84,2.08,142
24-06-2024,East,R04,164,278.32,213.61,1527.74,245,18,2422.69,8.7,14.77,9.32,1.3,1.49,0.88,146
22-01-2024,North,R06,93,62.37,1365.45,1368.36,436,13,4077.66,65.38,43.85,14.71,14.68,4.69,6.99,80
25-08-2024,Central,R06,36,174.7,1816.45,2749.58,428,15,5820.09,33.31,161.67,76.38,50.46,11.89,2.45,21
06-06-2024,North,R010,103,275.49,638.27,554.56,528,14,2174.89,7.89,21.12,5.38,6.2,5.13,1.92,89
07-02-2024,West,R03,88,19.84,1868.66,2159.47,494,3,5329.5,268.62,60.56,24.54,21.23,5.61,24.9,85
17-08-2024,East,R09,53,212.25,308.48,2908.49,111,6,4414.25,20.8,83.29,54.88,5.82,2.09,0.52,47
30-12-2024,West,R05,25,96.23,1881.98,1900.42,394,15,4482.98,46.59,179.32,76.02,75.28,15.76,4.09,10
20-02-2024,West,R02,72,278.07,832.92,2842.06,192,7,4056.47,14.59,56.34,39.47,11.57,2.67,0.69,65
20-09-2024,South,R01,145,291.61,382.56,630.64,77,16,1833.08,6.29,12.64,4.35,2.64,0.53,0.26,129
09-10-2024,East,R05,62,283.84,1074.57,1546.98,540,15,3752.27,13.22,60.52,24.95,17.33,8.71,1.9,47
27-01-2024,East,R05,134,147.52,662.2,1150.39,358,9,2523.58,17.11,18.83,8.59,4.94,2.67,2.43,125
13-08-2024,Central,R06,130,259.99,712.77,2327.05,145,9,4073.3,15.67,31.33,17.9,5.48,1.12,0.56,121
03-10-2024,South,R06,170,254.92,753.12,2953.24,366,1,3938.42,15.45,23.17,17.37,4.43,2.15,1.44,169
12-10-2024,South,R09,99,102.54,1645.45,1141.33,176,8,3933.99,38.37,39.74,11.53,16.62,1.78,1.72,91
06-04-2024,Central,R07,114,250.39,1170.49,2135.44,352,16,4543.73,18.15,39.86,18.73,10.27,3.09,1.41,98
10-10-2024,West,R06,137,20.73,760.35,995.24,472,10,2845.16,137.25,20.77,7.26,5.55,3.45,22.77,127
12-11-2024,South,R010,163,182.92,1298.6,1913.33,42,9,4666.1,25.51,28.63,11.74,7.97,0.26,0.23,154
30-10-2024,North,R05,27,76.7,1489.07,1659.83,523,16,4406.21,57.45,163.19,61.48,55.15,19.37,6.82,11
26-05-2024,West,R09,151,44.96,690.72,2930.01,316,3,4985.06,110.88,33.01,19.4,4.57,2.09,7.03,148
04-01-2024,West,R05,123,32.32,944.39,2021.32,143,15,4372.71,135.29,35.55,16.43,7.68,1.16,4.42,108
04-02-2024,East,R010,151,211.92,419.39,1373.77,509,19,3015.05,14.23,19.97,9.1,2.78,3.37,2.4,132
10-07-2024,North,R06,44,108.56,526.07,785.24,51,14,2355.27,21.7,53.53,17.85,11.96,1.16,0.47,30
18-02-2024,South,R01,115,220.18,1426.01,878.12,378,4,2412.14,10.96,20.98,7.64,12.4,3.29,1.72,111
17-01-2024,North,R01,174,28.95,526.59,1063.29,595,5,2342.04,80.9,13.46,6.11,3.03,3.42,20.55,169
20-06-2024,Central,R04,112,101.43,1145.29,1127.42,349,16,3172.34,31.28,28.32,10.07,10.23,3.12,3.44,96
07-08-2024,South,R06,179,166.45,1476.28,2626.54,155,0,4628.46,27.81,25.86,14.67,8.25,0.87,0.93,179
06-06-2024,East,R04,197,239.31,392.38,1903.06,306,18,2840.79,11.87,14.42,9.66,1.99,1.55,1.28,179
15-02-2024,North,R09,80,102.44,1221.16,1808.48,233,3,4475.26,43.69,55.94,22.61,15.26,2.91,2.27,77
06-01-2024,North,R07,141,191.51,661.81,786.92,223,16,2797.13,14.61,19.84,5.58,4.69,1.58,1.16,125
08-04-2024,North,R02,70,266.93,1933.27,2650.35,576,8,5872.47,22,83.89,37.86,27.62,8.23,2.16,62
20-08-2024,South,R09,166,188.6,1070.38,2307.04,315,1,4045.84,21.45,24.37,13.9,6.45,1.9,1.67,165
06-02-2024,Central,R02,40,77.56,1650.79,669.17,86,7,2439.14,31.45,60.98,16.73,41.27,2.15,1.11,33
06-10-2024,West,R09,24,17.08,1190.41,2269.59,332,14,3672.31,215.01,153.01,94.57,49.6,13.83,19.44,10
14-12-2024,Central,R04,111,262.33,278.14,1858.85,192,6,2674.06,10.19,24.09,16.75,2.51,1.73,0.73,105
28-10-2024,South,R04,189,16.17,1339.67,704.31,48,5,2166.02,133.95,11.46,3.73,7.09,0.25,2.97,184
29-06-2024,West,R08,80,263.66,1912.53,1645.75,399,0,3682.29,13.97,46.03,20.57,23.91,4.99,1.51,80
04-04-2024,East,R02,41,163.39,1282.9,1711.74,293,14,4377.88,26.79,106.78,41.75,31.29,7.15,1.79,27
08-04-2024,South,R05,168,282.33,1674.54,914.44,142,6,3677.6,13.03,21.89,5.44,9.97,0.85,0.5,162
06-07-2024,North,R06,89,241.65,1791.57,2864.25,517,16,5188.36,21.47,58.3,32.18,20.13,5.81,2.14,73
25-04-2024,West,R03,20,299.4,610.54,2624.94,356,1,3521.18,11.76,176.06,131.25,30.53,17.8,1.19,19
09-07-2024,East,R06,152,111.71,581.68,2172.56,571,8,3570.53,31.96,23.49,14.29,3.83,3.76,5.11,144
09-09-2024,Central,R05,31,232.48,1299.77,1655.74,94,8,3062.99,13.18,98.81,53.41,41.93,3.03,0.4,23
09-06-2024,Central,R09,109,126.56,939.85,1529.41,321,12,3883.04,30.68,35.62,14.03,8.62,2.94,2.54,97
12-09-2024,East,R07,65,149.16,1711.75,2127.43,54,5,4519.92,30.3,69.54,32.73,26.33,0.83,0.36,60
18-11-2024,Central,R09,53,191.98,1820.04,1863.58,578,5,4346.89,22.64,82.02,35.16,34.34,10.91,3.01,48
07-05-2024,South,R07,196,263.37,836.16,655.68,30,19,2138.67,8.12,10.91,3.35,4.27,0.15,0.11,177
18-01-2024,North,R01,97,295.38,626.37,1781.26,578,19,2604.69,8.82,26.85,18.36,6.46,5.96,1.96,78
07-10-2024,Central,R05,64,232.8,1604.95,2516.01,170,2,5114.61,21.97,79.92,39.31,25.08,2.66,0.73,62
10-08-2024,South,R06,174,131.15,694.65,1648.1,217,16,3468.96,26.45,19.94,9.47,3.99,1.25,1.65,158
23-02-2024,North,R06,92,132.19,1680.71,629.89,157,16,3357.18,25.4,36.49,6.85,18.27,1.71,1.19,76
27-02-2024,East,R09,45,223.9,962.73,2465.7,230,11,3722.24,16.62,82.72,54.79,21.39,5.11,1.03,34
18-11-2024,West,R01,66,79.25,1401.59,1003.41,156,15,3315.38,41.83,50.23,15.2,21.24,2.36,1.97,51
25-12-2024,West,R010,140,42.04,371.96,1146.55,286,14,2415.79,57.46,17.26,8.19,2.66,2.04,6.8,126
22-06-2024,East,R04,75,112.84,1322.95,911.77,576,12,3550.5,31.46,47.34,12.16,17.64,7.68,5.1,63
06-10-2024,East,R05,113,93.3,1013.18,1325.54,223,0,2969.5,31.83,26.28,11.73,8.97,1.97,2.39,113
23-04-2024,Central,R010,126,95.93,1255.9,2391.88,133,16,4267.86,44.49,33.87,18.98,9.97,1.06,1.39,110
14-10-2024,Central,R04,82,77.75,502.43,1798.46,564,2,3266.83,42.02,39.84,21.93,6.13,6.88,7.25,80
07-12-2024,Central,R08,67,22.21,1526.37,1012.2,294,14,3524.87,158.71,52.61,15.11,22.78,4.39,13.24,53
30-05-2024,East,R06,80,15.18,1753.03,2694.58,413,3,5204.61,342.86,65.06,33.68,21.91,5.16,27.21,77
06-05-2024,West,R04,100,296.44,590.13,2698.95,289,3,4009.36,13.53,40.09,26.99,5.9,2.89,0.97,97
03-06-2024,West,R06,45,134.05,372.29,2676.45,443,17,3840.55,28.65,85.35,59.48,8.27,9.84,3.3,28
29-09-2024,North,R03,55,121.45,242.55,1096.99,387,16,2645,21.78,48.09,19.95,4.41,7.04,3.19,39
13-04-2024,North,R09,20,207.1,1355.55,1628.1,104,18,3729.28,18.01,186.46,81.41,67.78,5.2,0.5,2
25-10-2024,South,R05,27,73.29,1292.77,2962.47,384,10,5671.14,77.38,210.04,109.72,47.88,14.22,5.24,17
02-09-2024,West,R04,132,285.49,1184.06,2430.03,217,19,4419.7,15.48,33.48,18.41,8.97,1.64,0.76,113
24-06-2024,Central,R09,118,238.04,617.5,567.92,319,2,2614.3,10.98,22.16,4.81,5.23,2.7,1.34,116
08-02-2024,North,R01,199,35.93,903.63,663.01,74,7,2832.6,78.84,14.23,3.33,4.54,0.37,2.06,192
18-06-2024,Central,R010,66,131.1,1270.06,1659.83,112,13,3537.29,26.98,53.6,25.15,19.24,1.7,0.85,53
03-09-2024,West,R03,146,264.94,1094.18,2773.05,152,0,5176.33,19.54,35.45,18.99,7.49,1.04,0.57,146
26-01-2024,North,R07,75,283.97,1978.01,1846.75,387,13,4078.85,14.36,54.38,24.62,26.37,5.16,1.36,62
20-12-2024,East,R07,33,145.55,445.59,1744.53,557,1,3585.19,24.63,108.64,52.86,13.5,16.88,3.83,32
01-11-2024,South,R03,47,187.89,1451.26,763.68,95,3,3199.24,17.03,68.07,16.25,30.88,2.02,0.51,44
13-01-2024,North,R03,97,58.44,927.77,2141.95,404,18,3245.87,55.54,33.46,22.08,9.56,4.16,6.91,79
11-11-2024,Central,R01,149,297.44,970.76,2555.26,191,5,4527.98,15.22,30.39,17.15,6.52,1.28,0.64,144
08-11-2024,North,R03,128,77.18,1491.68,1451.05,409,0,4406.68,57.1,34.43,11.34,11.65,3.2,5.3,128
05-02-2024,Central,R06,173,283.39,1446.39,2439.03,387,16,4083.14,14.41,23.6,14.1,8.36,2.24,1.37,157
21-06-2024,South,R06,33,198.4,1984.26,2911.19,217,7,5772.01,29.09,174.91,88.22,60.13,6.58,1.09,26
20-01-2024,North,R01,75,186.24,431.11,1009.42,351,18,2587.44,13.89,34.5,13.46,5.75,4.68,1.88,57
16-11-2024,Central,R02,134,158.68,387.4,1808.32,479,0,3430.08,21.62,25.6,13.49,2.89,3.57,3.02,134
20-09-2024,West,R06,26,76.89,1503.81,1217.84,503,4,3401.01,44.23,130.81,46.84,57.84,19.35,6.54,22
21-05-2024,South,R05,22,61.19,1241.1,2482.14,42,15,4109.07,67.15,186.78,112.82,56.41,1.91,0.69,7
22-05-2024,West,R08,130,73.94,693.49,1943.98,213,5,2796.75,37.82,21.51,14.95,5.33,1.64,2.88,125
01-04-2024,West,R02,170,64.07,342.95,2086.46,140,7,3341.03,52.15,19.65,12.27,2.02,0.82,2.19,163
19-12-2024,Central,R08,126,236.08,354.18,2494.79,537,12,3583.05,15.18,28.44,19.8,2.81,4.26,2.27,114
17-11-2024,West,R06,37,111.54,1809.54,1489.93,319,15,4727.71,42.39,127.78,40.27,48.91,8.62,2.86,22
14-10-2024,East,R06,57,26.77,545.36,2787.73,324,2,3517.94,131.41,61.72,48.91,9.57,5.68,12.1,55
02-08-2024,Central,R03,134,291.04,782.07,1832.57,480,18,3674.19,12.62,27.42,13.68,5.84,3.58,1.65,116
07-12-2024,South,R04,34,266.3,607.98,894.89,244,11,1637.82,6.15,48.17,26.32,17.88,7.18,0.92,23
20-02-2024,Central,R01,138,279.05,838.99,2239.75,596,15,3418.75,12.25,24.77,16.23,6.08,4.32,2.14,123
01-06-2024,South,R05,47,298.52,324.96,2483.15,56,10,3543.12,11.87,75.39,52.83,6.91,1.19,0.19,37
04-07-2024,North,R03,58,60.43,1134.31,1291.9,260,9,3163.03,52.34,54.54,22.27,19.56,4.48,4.3,49
03-03-2024,Central,R03,36,124.91,321.7,2642.95,594,19,4024.63,32.22,111.8,73.42,8.94,16.5,4.76,17
08-07-2024,Central,R01,105,229.89,1640.64,2765.36,350,3,5780.3,25.14,55.05,26.34,15.63,3.33,1.52,102
04-05-2024,West,R06,145,211.85,620.68,1192.26,262,11,2807.59,13.25,19.36,8.22,4.28,1.81,1.24,134
29-05-2024,South,R010,63,54.63,1172.02,2958.8,466,1,5565.77,101.88,88.35,46.97,18.6,7.4,8.53,62
09-11-2024,South,R06,44,246.59,1784.14,851.78,562,18,3970.18,16.1,90.23,19.36,40.55,12.77,2.28,26
27-02-2024,North,R04,164,75.09,1371.58,1005.04,432,4,3294.92,43.88,20.09,6.13,8.36,2.63,5.75,160
07-12-2024,South,R09,32,74.91,1159.32,960.56,82,7,3387.19,45.22,105.85,30.02,36.23,2.56,1.09,25
31-10-2024,West,R05,44,165.72,783.8,2734.97,342,6,4518.38,27.27,102.69,62.16,17.81,7.77,2.06,38
28-06-2024,North,R010,87,181.95,799.4,2135.73,310,13,3145.11,17.29,36.15,24.55,9.19,3.56,1.7,74
18-06-2024,East,R04,157,178.23,1405.08,880.26,60,2,3422.13,19.2,21.8,5.61,8.95,0.38,0.34,155
21-11-2024,South,R08,86,36.53,1989.45,1600.81,366,17,3823.13,104.66,44.46,18.61,23.13,4.26,10.02,69
27-09-2024,North,R07,128,264.46,1391.31,2038.25,212,15,4361.28,16.49,34.07,15.92,10.87,1.66,0.8,113
23-02-2024,Central,R04,165,87.02,1204.01,708.66,52,18,2996.37,34.43,18.16,4.29,7.3,0.32,0.6,147
10-04-2024,Central,R07,130,47.56,1515.17,2706.04,573,18,4414.35,92.82,33.96,20.82,11.66,4.41,12.05,112
20-09-2024,West,R010,130,267.74,1037.37,2509.01,475,17,3969.49,14.83,30.53,19.3,7.98,3.65,1.77,113
22-02-2024,North,R01,53,287.14,308.26,1763.02,103,19,3453.22,12.03,65.16,33.26,5.82,1.94,0.36,34
29-02-2024,South,R04,130,260.02,1212.13,2917.82,39,15,5092.79,19.59,39.18,22.44,9.32,0.3,0.15,115
17-04-2024,Central,R07,27,244.76,1923.73,1544.4,513,7,3912.93,15.99,144.92,57.2,71.25,19,2.1,20
05-01-2024,West,R04,187,200.02,515.55,2960.28,485,0,4542.78,22.71,24.29,15.83,2.76,2.59,2.42,187
12-04-2024,West,R01,132,169.75,1442.01,2169.8,595,16,4547.3,26.79,34.45,16.44,10.92,4.51,3.51,116
14-07-2024,North,R06,102,35.23,561.68,2086.68,593,11,3450.57,97.94,33.83,20.46,5.51,5.81,16.83,91
18-09-2024,South,R08,61,128.45,1164.49,914.89,189,10,3546.04,27.61,58.13,15,19.09,3.1,1.47,51
30-12-2024,West,R08,188,118.08,374.02,2704.82,43,4,4135.68,35.02,22,14.39,1.99,0.23,0.36,184
15-12-2024,North,R06,120,85.33,1010.67,1568.72,207,11,3205.01,37.56,26.71,13.07,8.42,1.73,2.43,109
16-02-2024,East,R01,25,219.79,1561.09,905.58,441,16,3686.77,16.77,147.47,36.22,62.44,17.64,2.01,9
20-12-2024,East,R010,199,153.8,825.63,531.52,82,5,2695.57,17.53,13.55,2.67,4.15,0.41,0.53,194
06-11-2024,South,R010,45,33.5,1396.84,1899.39,437,0,3571.54,106.61,79.37,42.21,31.04,9.71,13.04,45
03-11-2024,East,R07,83,73.85,1631.81,1818.5,51,4,3831.08,51.88,46.16,21.91,19.66,0.61,0.69,79
23-05-2024,West,R09,78,208.15,1868.92,2298.38,59,13,4570.02,21.96,58.59,29.47,23.96,0.76,0.28,65
25-09-2024,East,R03,128,32.08,622.36,2725.65,289,4,4415.71,137.65,34.5,21.29,4.86,2.26,9.01,124
03-05-2024,Central,R07,140,256.85,918.77,698.52,234,0,2561.55,9.97,18.3,4.99,6.56,1.67,0.91,140
15-04-2024,North,R05,52,153.59,474.35,2328.74,88,17,3769.68,24.54,72.49,44.78,9.12,1.69,0.57,35
06-06-2024,Central,R010,169,149.37,1986.47,968.53,500,15,4372.08,29.27,25.87,5.73,11.75,2.96,3.35,154
26-05-2024,East,R010,40,181.8,1868.6,2645.44,495,8,5700.32,31.35,142.51,66.14,46.72,12.38,2.72,32
24-05-2024,West,R03,89,249.16,1171.92,2547.66,41,18,3998.69,16.05,44.93,28.63,13.17,0.46,0.16,71
29-04-2024,Central,R03,131,110.86,1715.66,1851.98,319,4,4154.15,37.47,31.71,14.14,13.1,2.44,2.88,127
14-11-2024,Central,R08,23,206.62,1137.72,2275.61,383,1,4122.88,19.95,179.26,98.94,49.47,16.65,1.85,22
01-10-2024,Central,R09,113,174.06,1322.45,1285.88,104,14,3262.68,18.74,28.87,11.38,11.7,0.92,0.6,99
01-04-2024,West,R03,94,87.44,360.42,1677.92,590,6,3075.37,35.17,32.72,17.85,3.83,6.28,6.75,88
27-02-2024,Central,R03,81,264.8,1559.49,2554.09,470,3,5462.23,20.63,67.43,31.53,19.25,5.8,1.77,78
11-12-2024,South,R06,113,241.25,429.88,1648.16,270,0,2606.51,10.8,23.07,14.59,3.8,2.39,1.12,113
16-08-2024,North,R04,114,200.95,1686.92,1394.5,183,12,3954.05,19.68,34.68,12.23,14.8,1.61,0.91,102
26-04-2024,North,R03,171,256.67,1607.65,1735.53,125,19,4548.35,17.72,26.6,10.15,9.4,0.73,0.49,152
13-11-2024,South,R08,74,261.52,1475.74,2570.62,323,6,4729.07,18.08,63.91,34.74,19.94,4.36,1.24,68
05-10-2024,North,R03,156,215.43,265.09,1338.02,238,14,1938.48,9,12.43,8.58,1.7,1.53,1.1,142
06-05-2024,North,R02,150,252.73,745.63,934.4,372,13,2444.96,9.67,16.3,6.23,4.97,2.48,1.47,137
08-05-2024,East,R01,50,212.27,673.6,2280.04,117,18,3130.95,14.75,62.62,45.6,13.47,2.34,0.55,32
27-02-2024,Central,R05,59,207.24,848.25,2564.95,419,19,4832.54,23.32,81.91,43.47,14.38,7.1,2.02,40
01-05-2024,North,R06,55,189.4,357.76,751.59,354,17,1314.1,6.94,23.89,13.67,6.5,6.44,1.87,38
01-01-2024,South,R08,171,228.29,1886.52,1099.69,186,9,3700.05,16.21,21.64,6.43,11.03,1.09,0.81,162
26-08-2024,West,R03,25,56,1196.84,854.93,166,8,2893.6,51.67,115.74,34.2,47.87,6.64,2.96,17
16-10-2024,West,R08,85,265.45,749.94,1369.85,457,7,3599.22,13.56,42.34,16.12,8.82,5.38,1.72,78
05-04-2024,West,R01,94,262.83,914.57,1625.88,481,9,2872.88,10.93,30.56,17.3,9.73,5.12,1.83,85
05-05-2024,West,R010,23,18.48,1004.96,2372.07,170,16,3637.23,196.82,158.14,103.13,43.69,7.39,9.2,7
27-04-2024,West,R01,98,249.49,1281.07,2127.87,112,1,3521.13,14.11,35.93,21.71,13.07,1.14,0.45,97
17-02-2024,East,R08,153,47.37,1128.22,2052.32,206,5,3498.34,73.85,22.86,13.41,7.37,1.35,4.35,148
29-03-2024,North,R04,137,107.18,1854.91,1380.94,227,4,3626.03,33.83,26.47,10.08,13.54,1.66,2.12,133
24-08-2024,Central,R07,132,225.62,1094.53,2603.62,597,8,4680.96,20.75,35.46,19.72,8.29,4.52,2.65,124
28-09-2024,Central,R03,113,56.62,1985.88,1678.22,450,4,4071.69,71.91,36.03,14.85,17.57,3.98,7.95,109
07-07-2024,West,R03,198,247.21,1732.56,2947.76,430,17,4809.05,19.45,24.29,14.89,8.75,2.17,1.74,181
10-07-2024,East,R05,81,251.32,575.32,2085.36,500,19,3917.95,15.59,48.37,25.75,7.1,6.17,1.99,62
09-03-2024,North,R05,98,157.17,1875.07,815.66,247,8,3302.56,21.01,33.7,8.32,19.13,2.52,1.57,90
04-10-2024,West,R03,155,11.85,409.46,2190.44,204,16,3195.08,269.63,20.61,14.13,2.64,1.32,17.22,139
14-12-2024,East,R05,45,93.24,1671.41,1312.76,52,16,3507.64,37.62,77.95,29.17,37.14,1.16,0.56,29
03-09-2024,West,R02,198,188.91,885.12,2215.82,264,11,4566.46,24.17,23.06,11.19,4.47,1.33,1.4,187
16-03-2024,West,R01,192,294.54,1780.35,674.1,42,6,2792.61,9.48,14.54,3.51,9.27,0.22,0.14,186
02-06-2024,South,R07,63,193.23,1762.5,937.2,130,2,4057.23,21,64.4,14.88,27.98,2.06,0.67,61
23-05-2024,Central,R01,152,85.34,1650.67,2639.34,565,9,5477.53,64.18,36.04,17.36,10.86,3.72,6.62,143
26-03-2024,North,R03,89,193.86,1622.05,1067.95,552,1,2897.07,14.94,32.55,12,18.23,6.2,2.85,88
03-07-2024,West,R01,173,166.6,748.42,2592.6,481,2,4822.44,28.95,27.88,14.99,4.33,2.78,2.89,171
11-10-2024,North,R03,137,236.16,345.65,1198.19,460,15,2023.75,8.57,14.77,8.75,2.52,3.36,1.95,122
07-08-2024,Central,R03,87,41.02,925.36,2107.2,562,1,3270.58,79.73,37.59,24.22,10.64,6.46,13.7,86
09-03-2024,West,R06,38,230.7,512.34,2235.38,322,9,4008.76,17.38,105.49,58.83,13.48,8.47,1.4,29
16-02-2024,South,R05,39,166.97,1450.91,1781.64,130,5,4321.9,25.88,110.82,45.68,37.2,3.33,0.78,34
03-04-2024,East,R04,132,289.27,822.98,1263.28,531,10,3050.37,10.55,23.11,9.57,6.23,4.02,1.84,122
25-08-2024,North,R05,159,109.14,1956.1,1031.61,333,6,3306.08,30.29,20.79,6.49,12.3,2.09,3.05,153
22-07-2024,North,R010,66,193.46,1353.75,582.97,569,14,2706.61,13.99,41.01,8.83,20.51,8.62,2.94,52
05-08-2024,East,R02,20,280.29,1680.47,1259.87,582,5,4133.12,14.75,206.66,62.99,84.02,29.1,2.08,15
06-12-2024,East,R09,109,39.73,438.54,2132.91,384,19,3096.52,77.94,28.41,19.57,4.02,3.52,9.67,90
08-02-2024,West,R08,161,281.8,1751.63,2845.76,332,8,5133.76,18.22,31.89,17.68,10.88,2.06,1.18,153
09-04-2024,South,R08,83,209.49,1860.96,2678.01,525,19,4643.37,22.17,55.94,32.27,22.42,6.33,2.51,64
15-10-2024,West,R07,57,29.67,1076.71,2415.16,256,11,3835.81,129.28,67.29,42.37,18.89,4.49,8.63,46
10-09-2024,South,R01,56,97.28,1291.26,2471.12,265,18,5087.95,52.3,90.86,44.13,23.06,4.73,2.72,38
09-08-2024,West,R09,145,215.37,1576.66,2162.46,484,19,4457.57,20.7,30.74,14.91,10.87,3.34,2.25,126
22-12-2024,Central,R06,158,29.53,514.71,1150.72,42,2,3143.36,106.45,19.89,7.28,3.26,0.27,1.42,156
23-01-2024,West,R04,119,178.83,1104.62,2767.99,239,14,4526.6,25.31,38.04,23.26,9.28,2.01,1.34,105
06-09-2024,West,R02,96,110.31,917.59,2176.83,426,1,4195.68,38.04,43.71,22.68,9.56,4.44,3.86,95
10-01-2024,West,R01,22,190.07,463.47,1901.1,129,1,2859.26,15.04,129.97,86.41,21.07,5.86,0.68,21
02-09-2024,Central,R03,180,23.27,861.56,777.47,60,2,2248.36,96.62,12.49,4.32,4.79,0.33,2.58,178
20-11-2024,East,R03,153,262.75,322.71,1617.64,557,5,2307.37,8.78,15.08,10.57,2.11,3.64,2.12,148
09-04-2024,South,R05,197,292.31,246.46,1650.9,358,14,2483.25,8.5,12.61,8.38,1.25,1.82,1.22,183
16-10-2024,East,R05,29,290.97,443.3,2661.41,195,9,3970.84,13.65,136.93,91.77,15.29,6.72,0.67,20
28-06-2024,Central,R07,24,227.4,1933.61,1866.62,488,8,5288.71,23.26,220.36,77.78,80.57,20.33,2.15,16
10-08-2024,South,R02,170,47.73,1189.15,1451,129,0,3670.03,76.89,21.59,8.54,7,0.76,2.7,170
06-09-2024,South,R09,157,229.9,1938.48,2942,202,15,5259.42,22.88,33.5,18.74,12.35,1.29,0.88,142
26-05-2024,South,R04,191,17.13,978.5,776.8,191,5,1918.25,111.98,10.04,4.07,5.12,1,11.15,186
05-04-2024,West,R08,149,16.42,761.27,1556.37,292,8,2594.54,158.01,17.41,10.45,5.11,1.96,17.78,141
13-09-2024,Central,R04,32,103.85,1111.06,605.06,303,3,2603.7,25.07,81.37,18.91,34.72,9.47,2.92,29
20-11-2024,South,R09,187,151.71,991.12,2349.76,32,1,4512.1,29.74,24.13,12.57,5.3,0.17,0.21,186
04-01-2024,South,R06,149,233.42,390.2,2795.19,57,3,4601.98,19.72,30.89,18.76,2.62,0.38,0.24,146
16-01-2024,East,R06,103,208.16,1353.49,1200.09,355,0,2675.73,12.85,25.98,11.65,13.14,3.45,1.71,103
06-10-2024,North,R07,84,139.31,588.87,2645.85,178,18,4066.58,29.19,48.41,31.5,7.01,2.12,1.28,66
01-12-2024,East,R04,82,89.35,1315.26,1230.55,569,9,3305.02,36.99,40.31,15.01,16.04,6.94,6.37,73
